ID,Name,Brand,Cost Price,Wholesale Price,Selling Price,Quantity
613,ACIDE BATTERIE 125 ORG,ORG,500,700,1000,14
19152,AILE ARRIERE 110-2N DROITE NOIRE HJ,HJ,11500,11700,13000,5
14931,AILE ARRIERE 110-2N GAUCHE NOIRE HJ,HJ,11500,11700,13000,5
18058,AILE ARRIERE KA DROITE BLEUE HJ,HJ,7500,7600,8000,2
14926,AILE ARRIERE KA DROITE NOIRE HJ,HJ,4100,4500,5000,2
18069,AILE ARRIERE KA GAUCHE BLEUE HJ,HJ,4500,4600,5000,1
14933,AILE ARRIERE KA GAUCHE NOIRE HJ,HJ,4100,4500,5000,2
14938,AILE AVANT 110-2N DROITE BORDEAU HJ,HJ,8000,8200,9500,2
19153,AILE AVANT 110-2N DROITE NOIRE HJ,HJ,8000,8200,9500,3
14945,AILE AVANT 110-2N GAUCHE BORDEAU HJ,HJ,8000,8200,9500,1
14946,AILE AVANT 110-2N GAUCHE GRISE HJ,HJ,8000,8200,9500,1
18084,AILE AVANT 110-3 DROITE GRISE HJ,HJ,7500,7700,8000,2
18088,AILE AVANT 110-3 DROITE NOIRE HJ,HJ,7100,7500,8000,2
18098,AILE AVANT 110-3 GAUCHE GRISE HJ,HJ,7500,7700,8000,1
18085,AILE AVANT 110-5 DROITE GRISE HJ,HJ,13500,13700,15000,2
14947,AILE AVANT 110-5 GAUCHE GRISE HJ,HJ,13500,13700,15000,2
18082,AILE AVANT 115UH DROITE BLEUE HJ,HJ,13500,13700,15000,2
18086,AILE AVANT 115UH DROITE GRISE HJ,HJ,13500,13700,15000,2
14941,AILE AVANT 115UH GAUCHE BLANCHE HJ,HJ,13500,13700,15000,2
631,AILE CENTRALE 110-2N HJ,HJ,3000,3600,4000,7
632,AILE CENTRALE 110-3 HJ,HJ,3000,3100,4000,5
633,AILE CENTRALE 110-5 HJ,HJ,4100,4200,5000,2
634,AILE CENTRALE 110-6 HJ,HJ,4500,4600,5000,3
635,AILE CENTRALE 115UH HJ,HJ,6000,6500,7500,1
18114,AILE FEU STOP (5KG ) 110-2N BLEUE HJ,HJ,1500,1600,2000,5
14958,AILE FEU STOP (5KG ) 110-2N BORDEAU HJ,HJ,1500,1600,2000,3
14959,AILE FEU STOP (5KG ) 110-2N GRISE HJ,HJ,1500,1700,2000,2
14961,AILE FEU STOP (5KG ) 110-2N NOIRE HJ,HJ,1500,1600,2000,3
14963,AILE FEU STOP (5KG ) 110-2N ROUGE HJ,HJ,1500,1600,2000,2
20175,AILE FEU STOP (5KG ) 110-3/5 BLANCHE HJ,HJ,3000,3200,3500,1
18119,AILE FEU STOP (5KG ) 110-3/5 NOIRE HJ,HJ,3000,3100,3500,2
20654,AILE FEU STOP (5KG ) 115UH NOIRE HJ,HJ,4100,4300,5000,5
19248,AILE FEU STOP (5KG ) 150-9 NOIRE HJ,HJ,3100,3200,3500,2
14962,AILE FEU STOP (5KG ) KA NOIRE HJ,HJ,2000,2200,2500,12
18125,AILE PHARE KA DROITE BLANCHE HJ,HJ,4500,4800,5000,4
18131,AILE PHARE KA GAUCHE BLANCHE HJ,HJ,4500,4600,5000,3
14972,AILE PHARE KA GAUCHE NOIRE HJ,HJ,4500,4800,5000,4
19257,AILE PHARE TF125/150 HJ,HJ,2500,2600,3500,4
20477,AILE RESERVOIR 150-9 DROITE BLANCHE HJ,HJ,7500,7600,8000,1
20478,AILE RESERVOIR 150-9 GAUCHE BLANCHE HJ,HJ,7500,7600,8000,1
14975,AILE RESERVOIR KA DROITE NOIRE HJ,HJ,7500,7600,8000,1
18137,AILE RESERVOIR KA DROITE ORANGE HJ,HJ,7500,7700,8000,1
18139,AILE RESERVOIR KA GAUCHE BLANCHE HJ,HJ,7500,7600,8000,1
14977,AILE RESERVOIR KA GAUCHE NOIRE HJ,HJ,7500,7600,8000,2
18142,AILE RESERVOIR KA GAUCHE ORANGE HJ,HJ,7525,7600,8000,1
651,ALARME 110-2N/3/5 HJ,HJ,14500,14600,15000,3
653,ALARME 125 SY,SY,13500,13600,14500,5
668,AMORTISSEUR ARRIERE 110-2N HJ,HJ,13600,13800,14500,2
669,AMORTISSEUR ARRIERE 110-3 HJ,HJ,11000,11300,12000,10
670,AMORTISSEUR ARRIERE 110-5 HJ,HJ,12100,12500,13000,4
675,AMORTISSEUR ARRIERE 115UH HJ,HJ,11200,11500,12000,9
672,AMORTISSEUR ARRIERE 8EX/8N HJ,HJ,13100,13500,15000,9
673,AMORTISSEUR ARRIERE KA HJ,HJ,14000,14500,16000,1
674,AMORTISSEUR ARRIERE TZ HJ,HJ,10600,11000,12000,13
698,AMORTISSEUR AVANT 110-3 HJ,HJ,18500,18500,20000,1
699,AMORTISSEUR AVANT 110-5 HJ,HJ,21000,21500,22500,2
716,AMORTISSEUR AVANT 115UH SIMPLE HJ,HJ,20100,20500,23500,7
709,AMORTISSEUR AVANT 125-10 SY,SY,15200,16000,18000,10
711,AMORTISSEUR AVANT 125-8 SY,SY,18100,18500,19500,7
701,AMORTISSEUR AVANT 150-9 HJ,HJ,28200,28500,30000,2
703,AMORTISSEUR AVANT 8N HJ,HJ,25500,26000,28000,4
704,AMORTISSEUR AVANT DK-S HJ,HJ,26500,27000,30000,2
706,AMORTISSEUR AVANT TZ HJ,HJ,33600,34000,35000,2
727,AMPOULE CLIGNOTANT 110-2N HJ,HJ,350,400,500,13
725,AMPOULE CLIGNOTANT 125 ORG,ORG,50,75,100,20
730,AMPOULE CLIGNOTANT 8N HJ,HJ,200,250,500,13
756,AMPOULE FEU STOP 110-2N/8N HJ,HJ,500,550,700,3
734,AMPOULE FEU STOP 125 ORG,ORG,50,60,100,57
739,AMPOULE PHARE 110-2N/8N AM HJ,HJ,800,1000,1000,51
737,AMPOULE PHARE H4 110-3/5/TZ HJ,HJ,1200,1300,1500,81
759,AMPOULE VEILLEUSE PLATE 110-2N/8N HJ,HJ,150,175,200,1
763,APPAREIL CLIGNOTANT 110-2N HJ,HJ,1000,1250,1500,7
765,APPAREIL CLIGNOTANT 115UH HJ,HJ,1500,1600,2000,10
766,APPAREIL CLIGNOTANT 125 SY,SY,700,800,1000,19
764,APPAREIL CLIGNOTANT 8N HJ,HJ,1200,1250,1500,10
770,ARBRE A CAME 110-2N/3/5 HJ,HJ,3500,3600,4000,18
774,ARBRE A CAME 115UH HJ,HJ,7500,7600,8500,3
776,ARBRE A CAME 125 SY,SY,3600,3700,4000,24
771,ARBRE A CAME 150-9/KA HJ,HJ,6500,6700,7500,4
817,ARRET D‘HUILE 8N/TZ/8EX COMPLET EV,EV,800,850,1500,7
808,ARRET D‘HUILE BUTET 8EX/8N HJ,HJ,200,225,300,20
873,ARRET D‘HUILE DENT CABLE MOTEUR 8EX/8N HJ,HJ,225,300,500,11
848,ARRET D‘HUILE FOURCHE 27-37 125-10 ORG,ORG,100,150,200,12
865,ARRET D‘HUILE FOURCHE 32-44 125-8 SY,SY,625,650,800,21
855,ARRET D‘HUILE MANIVELLE 8N/TZ/8EX HJ,HJ,400,450,500,8
860,ARRET D‘HUILE SOUPAPE 110-2N/3/5 HJ,HJ,500,550,600,72
869,ARRET D‘HUILE VITESSE 8N/TZ/8EX HJ,HJ,425,450,600,3
875,ARRET D‘HUILE VOLANT 8N HJ,HJ,800,850,1000,4
876,ARRET D‘HUILE VOLANT GM 110-2N HJ,HJ,725,850,1000,2
819,ARRET D’HUILE 110-2N/3/5 COMPLET HJ,HJ,450,500,1000,22
822,ARRET D’HUILE 125 COMPLET ORG,ORG,500,550,1000,17
829,ARRET D’HUILE FOURCHE 26-37 110-2N/3/5 HJ,HJ,625,650,1000,44
834,ARRET D’HUILE FOURCHE 30-42 ALOBA/ZONTES SY,SY,200,300,500,6
840,ARRET D’HUILE FOURCHE 32-43 125-8 SY,SY,500,600,800,24
20416,ARRET D’HUILE FOURCHE 8N/TZ/8EX EV,EV,325,400,600,25
20642,ARRET D’HUILE FOURCHE DK HJ,HJ,1550,1600,2000,6
854,ARRET D’HUILE MANIVELLE 110-2N/3/5 HJ,HJ,525,550,700,4
20417,ARRET D’HUILE MANIVELLE 125 SY,SY,300,350,500,9
874,ARRET D’HUILE PLAQUETTE 110-2N HJ,HJ,500,600,800,9
862,ARRET D’HUILE SOUPAPE 110- SY,SY,200,225,500,68
861,ARRET D’HUILE SOUPAPE 8N/TZ/8EX HJ,HJ,375,450,500,50
868,ARRET D’HUILE VITESSE 110-2N/3/5 HJ,HJ,500,600,700,3
878,ATTACHE BAGAGE PLATE 125 ORG,ORG,200,550,700,7
884,ATTACHE CABLE 125 SY,SY,225,250,500,8
885,ATTACHE CASQUE 8N AM HJ,HJ,200,250,500,5
900,AXE BEQUILLE CENTRALE 110-2N HJ,HJ,1000,1100,1500,4
903,AXE BEQUILLE CENTRALE 125-10 SY,SY,700,850,1000,13
904,AXE BEQUILLE CENTRALE 125-16 SY,SY,700,800,1000,2
905,AXE BEQUILLE CENTRALE 125-8 SY,SY,800,850,1000,2
901,AXE BEQUILLE CENTRALE 8N/TZ/8EX HJ,HJ,1100,1200,2000,8
917,AXE DE VITESSE 115UH HJ,HJ,3500,3600,4000,5
918,AXE DE VITESSE 125 SY,SY,1500,1700,2000,3
916,AXE DE VITESSE 8N/TZ HJ,HJ,2100,2200,2500,7
922,AXE FOURCHE ARRIERE 125-16/ALOBA ORG,ORG,700,800,1000,4
930,AXE FOURCHE ARRIERE 125-8 SY,SY,800,850,1000,3
927,AXE FOURCHE ARRIERE 150-9 HJ,HJ,850,950,1500,3
932,AXE MANIVELLE 110-2N/3/5 HJ,HJ,2100,2200,2500,1
935,AXE MANIVELLE 125 SY,SY,2500,3000,3500,3
933,AXE MANIVELLE 8N/TZ HJ,HJ,3500,4200,4500,3
888,AXE MOYEU ARRIERE (AXE CENTRALE HJ150-9) 125-10 SY,SY,650,700,1000,10
887,AXE MOYEU ARRIERE 110-2N HJ,HJ,750,850,1000,1
890,AXE MOYEU ARRIERE 125-8/16/8N COMPLET SY,SY,1000,1100,1500,4
892,AXE MOYEU AVANT 110-2N HJ,HJ,1200,1300,1500,5
894,AXE MOYEU AVANT 125-10 SY,SY,800,850,1000,1
895,AXE MOYEU AVANT 125-8 SY,SY,800,900,1500,4
20480,AXE MOYEU AVANT 8N HJ,HJ,1200,1300,1500,4
947,BALANCOIRE 150-9 HJ,HJ,13000,14500,15000,1
958,BATTERIE A EAU 110-3/5 HJ,HJ,10600,10600,11500,9
962,BATTERIE A EAU 115UH HJ,HJ,11000,11200,12500,3
20525,BATTERIE A EAU 125-8 SY,SY,11100,11500,12500,1
20304,BATTERIE BLINDEE 110-2N ORG,ORG,4700,4800,6000,7
20418,BATTERIE BLINDEE 110-3 ORG,ORG,4700,5000,5500,8
976,BATTERIE BLINDEE 125-10 SY,SY,9000,9200,10000,2
20347,BATTERIE BLINDEE 125-8 ORG,ORG,5700,6100,7000,26
977,BATTERIE BLINDEE 125-8/16 SY,SY,11000,11200,12500,2
20348,BATTERIE BLINDEE 150-9 ORG,ORG,6500,8000,8000,2
984,BAVETTE 8N HJ,HJ,800,850,1200,38
986,BAVETTE ARRIERE 125-10 SY,SY,1000,1100,1500,26
987,BAVETTE ARRIERE 125-8 SY,SY,1100,1200,1500,8
988,BAVETTE ARRIERE SECONDAIRE 125-10 SY,SY,700,750,1200,3
991,BAVETTE AVANT 125-10 SY,SY,450,1000,1000,13
992,BAVETTE AVANT 125-8/16 SY,SY,1200,1250,1500,8
1002,BEQUILLE CENTRALE 110-2N HJ,HJ,4100,4300,5000,2
1003,BEQUILLE CENTRALE 110-3 HJ,HJ,5100,5200,6000,2
1009,BEQUILLE CENTRALE 125-10 SY,SY,3000,3100,3500,5
1005,BEQUILLE CENTRALE 8N HJ,HJ,6000,6100,6500,9
1007,BEQUILLE CENTRALE TZ HJ,HJ,3600,4100,4500,3
1012,BEQUILLE LATERALE 110-2N HJ,HJ,2550,2600,3500,4
1017,BEQUILLE LATERALE 125-8 SY,SY,1100,1200,1500,10
1013,BEQUILLE LATERALE 8N HJ,HJ,2100,2200,2500,9
15080,BILLE DE DIRECTION 110-2N/3/5 HJ,HJ,2100,2200,2500,8
1041,BILLE DE DIRECTION 125-10 ORG,ORG,550,600,1000,38
1037,BILLE DE DIRECTION 125-10 SY,SY,1050,1200,1500,1
1038,BILLE DE DIRECTION 125-8/16 SY,SY,1200,1300,1700,1
1034,BILLE DE DIRECTION 150-9 HJ,HJ,4500,4600,5000,2
1035,BILLE DE DIRECTION 8N/TZ/8EX HJ,HJ,2100,2100,3000,3
1036,BILLE DE DIRECTION DK/KA HJ,HJ,7100,7200,7500,1
15088,BILLE VOLANT 110-2N ORG,HJ,200,300,500,18
15089,BILLE VOLANT 125 ORG,ORG,200,300,1000,19
1056,BINDICE 110-2N SIMPLE HJ,HJ,3000,3100,3500,4
1058,BINDICE 8N SIMPLE HJ,HJ,2500,2600,3000,2
1064,BOBINE HAUTE TENSION 110-2N/3/5 HJ,HJ,1800,3100,3500,8
1065,BOBINE HAUTE TENSION 115UH/8N/TZ HJ,HJ,2500,2600,3000,12
1068,BOBINE HAUTE TENSION 125 SY,SY,2100,2550,2700,10
1079,BOBINE VOLANT 110-2N HJ,HJ,5500,5700,7000,6
1080,BOBINE VOLANT 110-3/5 HJ,HJ,7600,7600,8500,7
1082,BOBINE VOLANT 115UH HJ,HJ,8000,8200,10000,2
1084,BOBINE VOLANT 8N (4 FILS) HJ,HJ,5550,6700,7000,4
1081,BOBINE VOLANT KA HJ,HJ,11000,11200,12000,4
1107,BOUGIE 110-2N/3/5 HJ,HJ,550,700,1000,35
1109,BOUGIE 115UH HJ,HJ,2000,2100,2500,1
20231,BOUGIE 125 SY,SY,725,800,1000,1
1112,BOUGIE TORCHE 8N HJ,HJ,550,700,1000,41
1122,BOULON DENT 110-2N ORG,ORG,250,300,500,7
1119,BOULON DENT 125-8 ORG,ORG,200,250,500,37
1125,BOUTON CHANGEMENT PHARE 110-2N/3/5 HJ,HJ,1000,1050,1200,4
1126,BOUTON CHANGEMENT PHARE 115UH HJ,HJ,1200,1250,1500,3
1131,BOUTON CLIGNOTANT 110-2N HJ,HJ,1000,1100,1200,20
1132,BOUTON CLIGNOTANT 110-3/5 HJ,HJ,1000,1100,1200,11
1135,BOUTON DEMARREUR 110-2N/3/5 HJ,HJ,800,850,1000,16
1138,BOUTON KLAXON 110-2N/3/5 HJ,HJ,850,900,1100,39
1143,BOUTON PHARE 110-2N/3/5 HJ,HJ,800,850,1000,1
1154,BUTET D’EMBRAYAGE 125 AM SY,SY,1300,1400,1500,5
20207,BUTET D’EMBRAYAGE 125 NM SY,SY,1300,1500,1800,3
1152,BUTET D’EMBRAYAGE 8N HJ,HJ,1000,1100,2000,5
1165,CABLE COMPTEUR 110-2N HJ,HJ,1525,1600,1800,23
1166,CABLE COMPTEUR 110-3 HJ,HJ,1500,1600,2000,2
1169,CABLE COMPTEUR 115UH HJ,HJ,1500,1600,2000,7
1170,CABLE COMPTEUR 125-10 SY,SY,800,850,1000,17
1171,CABLE COMPTEUR 125-8/16 SY,SY,800,850,1000,9
1168,CABLE COMPTEUR 8N/TZ/8EX HJ,HJ,1200,1300,1700,16
19208,CABLE COMPTEUR TF125 HJ,HJ,1500,1700,2000,7
1194,CABLE D‘EMBRAYAGE 150-9 HJ,HJ,2500,2600,3000,5
1203,CABLE D’EMBRAYAGE 125-16 SY,SY,800,850,1000,7
1204,CABLE D’EMBRAYAGE 125-8 SY,SY,700,750,1000,8
1195,CABLE D’EMBRAYAGE 8N HJ,HJ,1500,1600,2000,34
20254,CABLE D’EMBRAYAGE DF HJ,HJ,2550,2600,3000,4
1197,CABLE D’EMBRAYAGE DK HJ,HJ,2000,2600,3000,6
1199,CABLE D’EMBRAYAGE KA HJ,HJ,2000,2200,2500,1
1216,CABLE DE FREIN 110-2N HJ,HJ,1200,1250,1500,8
1217,CABLE DE FREIN 110-5 HJ,HJ,1100,1250,1500,10
1218,CABLE DE FREIN 125-10 SY,SY,700,800,1000,17
1236,CABLE DE GAZ 110-2N HJ,HJ,1200,1300,1500,10
1237,CABLE DE GAZ 110-3/5 HJ,HJ,1500,1600,2000,13
1242,CABLE DE GAZ 115UH HJ,HJ,1500,1600,2000,3
1243,CABLE DE GAZ 125-10 SY,SY,600,700,1000,17
1244,CABLE DE GAZ 125-16 SY,SY,800,850,1000,5
1245,CABLE DE GAZ 125-8 SY,SY,700,750,1000,4
1238,CABLE DE GAZ 150-9 HJ,HJ,1600,1700,2000,4
1239,CABLE DE GAZ 8N HJ,HJ,1700,1800,2000,8
20660,CABLE DE GAZ KA EVAME,EV,1200,1300,1500,4
1240,CABLE DE GAZ KA HJ,HJ,2000,2100,2500,1
1241,CABLE DE GAZ TZ HJ,HJ,2200,2300,2500,7
1257,CABLE MOTEUR 8N/TZ/8EX HJ,HJ,1500,1600,2000,12
1260,CABLE SELLE 110-2N HJ,HJ,1000,1100,1500,6
1261,CABLE SELLE 110-3/5 HJ,HJ,850,900,1500,2
1264,CABLE STARTEUR 110-2N HJ,HJ,1000,1100,1500,9
1265,CABLE STARTEUR 110-3/5 HJ,HJ,1100,1200,1500,10
1266,CABLE STARTEUR 150-9 HJ,HJ,1200,1300,1500,3
1268,CABLE STARTEUR KA HJ,HJ,1500,1600,2000,5
1281,CAGE D‘EMBRAYAGE 110-2N/3/5 HJ,HJ,7100,7300,8000,11
20202,CAGE D‘EMBRAYAGE 115UH HJ,HJ,9100,9300,10000,2
15149,CAGE D’EMBRAYAGE 125 SY,SY,3600,3800,4500,20
20633,CAGE D’EMBRAYAGE 8N EV,EV,3100,3300,4000,12
1283,CAGE D’EMBRAYAGE KA HJ,HJ,12500,12700,14000,3
1291,CALLE CLE CONTACT 110-2N HJ,HJ,500,600,1000,12
1299,CALLE DENT AVANT 125 ORG,ORG,100,125,200,22
1301,CALLE PATIN AVANT 125-8 ORG,ORG,300,350,500,9
1302,CALLE SELLE 110-2N HJ,HJ,600,1200,1500,9
1317,CAPPA 110-2N HJ,HJ,3500,3700,4500,6
1319,CAPPA 150-9 HJ,HJ,8500,9000,9500,5
1330,CAPPA 8N HJ,HJ,3500,3700,4500,12
1327,CAPPA CDI 125 SY,SY,1500,1600,2000,3
1321,CAPPA KA HJ,HJ,10000,10200,11500,4
1322,CAPPA TZ HJ,HJ,3600,3800,5000,4
1341,CARBURATEUR 110-2N HJ,HJ,9000,9200,10000,5
1342,CARBURATEUR 110-3/5 HJ,HJ,11000,11300,12500,1
1348,CARBURATEUR 125-10 SY,SY,5600,5700,6500,19
1349,CARBURATEUR 125-8 SY,SY,5600,5700,6500,10
1343,CARBURATEUR 150-9 HJ,HJ,14500,14700,15500,1
1346,CARBURATEUR TZ HJ,HJ,9000,9200,10500,2
20527,CARTERE CENTRAL 115UH HJ,HJ,25000,26000,28000,2
1360,CARTERE CENTRAL 125 GM SY,SY,12100,12500,13500,4
1362,CARTERE CENTRAL 125 PM SY,SY,10000,11000,12000,2
1358,CARTERE CENTRAL 8EX/8N HJ,HJ,36100,36500,38000,4
1364,CASQUE GM HJ,HJ,15100,15500,16000,7
1369,CASQUE GM NM EV,EV,23000,23500,25000,6
1373,CASQUE PM HJ,HJ,7600,7700,9000,40
1375,CASQUE PM OKE,OKE,7100,7300,8000,7
1401,CHAINE MOTRICE 110-2N ORG,ORG,700,750,1000,1
1394,CHAINE MOTRICE 110-2N/3/5 HJ,HJ,1500,1600,2000,26
1396,CHAINE MOTRICE 115UH HJ,HJ,2000,2200,3000,11
1395,CHAINE MOTRICE 150-9 HJ,HJ,5600,5700,6500,5
1404,CHAMBRE A AIR 110-90-16 RIDESTONE 125 HJ,HJ,1500,1600,2000,16
1408,CHAMBRE A AIR 250-17 KENDA 110-2N HJ,HJ,2500,2700,3500,2
1413,CHAMBRE A AIR 275-17 RIDESTONE 110-2N HJ,HJ,1100,1200,1500,9
1418,CHAMBRE A AIR 275-18 RIDESTONE 125 HJ,HJ,1100,1200,1500,12
20363,CHAMBRE A AIR 300-17 RIDESTONE 125 HJ,HJ,550,800,800,1
1424,CHAMBRE A AIR 300-18 RIDESTONE 125 HJ,HJ,1100,1100,1500,9
1429,CHAMBRE A AIR 350-16 RIDESTONE 8N HJ,HJ,1250,1300,1800,2
1431,CHAMBRE A AIR 500-12 RIDESTONE 200ZH HJ,HJ,1800,1950,2500,9
1434,CHAMBRE A AIR 80-90-16 RIDESTONE 110-3 HJ,HJ,2500,3000,3500,8
1443,CHATEAU 125 SY,SY,2500,2600,3000,3
1464,CLE CONTACT 110-2N HJ,HJ,3100,3200,3500,3
1487,CLE CONTACT 110-2N ORG,ORG,2500,2600,3500,20
1489,CLE CONTACT 110-3/5 ORG,ORG,3600,3800,6000,1
1466,CLE CONTACT 110-6 HJ,HJ,4000,4100,4500,4
1476,CLE CONTACT 115UH HJ,HJ,8000,8600,10000,11
1477,CLE CONTACT 125-10 SY,SY,2200,2300,3000,1
1481,CLE CONTACT 125-16 AM SY,SY,6000,6200,7000,7
1478,CLE CONTACT 125-8 SY,SY,3050,3100,3500,6
1469,CLE CONTACT 8N HJ,HJ,6000,6200,7000,2
1470,CLE CONTACT DK HJ,HJ,8000,9000,12000,3
19169,CLE CONTACT DR HJ,HJ,17000,17500,18500,2
1472,CLE CONTACT KA HJ,HJ,11600,11700,13000,6
20617,CLE CONTACT NK150 HJ,HJ,9600,9700,10500,2
1473,CLE CONTACT TF125/150 HJ,HJ,12600,12800,15000,4
1474,CLE CONTACT TZ HJ,HJ,8600,8800,9500,9
1475,CLE CONTACT UD-S HJ,HJ,6000,6200,7500,2
1522,CLIGNOTANT 125-8 SY,SY,1225,1250,1500,11
1516,CLIGNOTANT 150-9 HJ,HJ,2500,2600,3000,5
1517,CLIGNOTANT 8EX/8N HJ,HJ,2500,2600,3000,50
1525,CLIGNOTANT ARRIERE 110-2N HJ,HJ,5100,5200,6500,1
1526,CLIGNOTANT ARRIERE 110-3/5 HJ,HJ,1800,1900,2300,13
1527,CLIGNOTANT ARRIERE 110-6 HJ,HJ,1500,1600,2000,10
1528,CLIGNOTANT ARRIERE 115UH HJ,HJ,2500,2600,3000,15
1531,CLIGNOTANT AVANT 110-2N HJ,HJ,2000,2100,2500,7
1532,CLIGNOTANT AVANT 110-3 HJ,HJ,1800,1900,2500,18
1533,CLIGNOTANT AVANT 110-5 HJ,HJ,3500,3600,4000,17
1534,CLIGNOTANT AVANT 110-6 HJ,HJ,1500,1600,2000,4
1535,CLIGNOTANT AVANT 115UH HJ,HJ,3025,3200,3500,4
1518,CLIGNOTANT KA HJ,HJ,3000,3100,3500,28
1520,CLIGNOTANT TF125/150/TZ PRO HJ,HJ,3500,3600,4000,10
1519,CLIGNOTANT TZ HJ,HJ,2500,2600,3000,17
20225,COLLE TUBELESS HJ,HJ,600,1200,1500,1
1552,CONE MOYEU 110-2N/3/5 HJ,HJ,900,1000,1500,7
16375,COUVRE BATTERIE 125-10 BLEU SY,SY,4600,4600,5000,5
16377,COUVRE BATTERIE 125-10 BORDEAU SY,SY,4100,4300,5000,1
16380,COUVRE BATTERIE 125-10 NOIR SY,SY,4500,4700,5000,3
19528,COUVRE BATTERIE 125-8 BLEU SY,SY,4000,4200,4500,2
19145,COUVRE BATTERIE 125-8 BORDEAU SY,SY,4000,4200,4500,3
1561,COUVRE BATTERIE 150-9 HJ,HJ,8000,8100,8500,1
18400,COUVRE BATTERIE 8N BORDEAU HJ,HJ,7100,7200,8000,4
18406,COUVRE BATTERIE 8N GRIS HJ,HJ,7100,7200,8000,2
16383,COUVRE BATTERIE 8N NOIR HJ,HJ,7100,7200,8000,5
1581,COUVRE BATTERIE KA DROIT HJ,HJ,4500,4600,5000,3
1582,COUVRE BATTERIE KA GAUCHE HJ,HJ,4500,4600,5000,4
16378,COUVRE BATTERIE TZ BORDEAU HJ,HJ,5100,5300,6500,3
16384,COUVRE BATTERIE TZ NOIR HJ,HJ,5100,5300,6500,2
1610,COUVRE CHAINE 110-3 ORG,ORG,1300,1200,2500,3
1601,COUVRE CHAINE 110-5 HJ,HJ,5600,5800,7000,6
1611,COUVRE CHAINE 115UH PM HJ,HJ,3000,3100,3500,8
1606,COUVRE CHAINE 125-10 SY,SY,3000,3100,3500,4
1607,COUVRE CHAINE 125-8/16 SY,SY,3000,3100,3500,2
1604,COUVRE CHAINE 8N/TZ HJ,HJ,7100,7700,8000,6
1603,COUVRE CHAINE KA HJ,HJ,3000,3100,3500,2
1615,COUVRE CLE CONTACT 8N HJ,HJ,750,800,1500,3
19210,COUVRE CLE CONTACT KA HJ,HJ,1000,1100,1500,3
1616,COUVRE CLE CONTACT TF125/TZ HJ,HJ,1050,1100,1500,12
1619,COUVRE ECHAPPEMENT 110-2N HJ,HJ,3100,3300,3800,3
19146,COUVRE ECHAPPEMENT KA HJ,HJ,5600,5700,6500,6
1621,COUVRE EMBRAYAGE 110-2N HJ,HJ,11600,12600,13000,2
1622,COUVRE EMBRAYAGE 110-3/5 HJ,HJ,12500,12600,13500,4
1627,COUVRE EMBRAYAGE 115UH HJ,HJ,13500,14000,15000,2
1629,COUVRE EMBRAYAGE 125-10 SY,SY,8500,8700,9000,3
1631,COUVRE EMBRAYAGE 125-8 SY,SY,7500,7200,8500,2
18430,COUVRE EMBRAYAGE 8EX HJ,HJ,11500,11700,13000,2
1624,COUVRE EMBRAYAGE 8N HJ,HJ,13000,13700,14500,4
1625,COUVRE EMBRAYAGE KA HJ,HJ,15100,17100,18000,1
1626,COUVRE EMBRAYAGE TZ HJ,HJ,10600,11000,13500,1
18438,COUVRE KLAXON 110-2N BLEU HJ,HJ,5600,5700,7000,8
16406,COUVRE KLAXON 110-2N BORDEAU HJ,HJ,6000,6200,7000,4
16407,COUVRE KLAXON 110-2N GRIS HJ,HJ,5600,5700,7000,2
16411,COUVRE KLAXON 110-2N NOIR HJ,HJ,5600,5700,7000,5
20486,COUVRE KLAXON 110-5 BLANC HJ,HJ,10500,10700,12000,2
18442,COUVRE KLAXON 110-6 BORDEAU HJ,HJ,3000,3200,4000,1
18446,COUVRE KLAXON 115UH GRIS HJ,HJ,11000,11200,12000,2
16413,COUVRE KLAXON 115UH NOIR HJ,HJ,10500,10700,12000,3
19167,COUVRE MOTEUR 150-9 NOIR HJ,HJ,5500,5600,6500,1
16418,COUVRE MOTEUR DK/KA BLANC HJ,HJ,9100,9200,10500,1
1648,COUVRE PHARE SUPERIEUR KA HJ,HJ,3100,3200,3500,3
1652,COUVRE PIGNON AVANT 110-2N HJ,HJ,4000,4100,4500,2
1654,COUVRE PIGNON AVANT 110-6 HJ,HJ,2500,2600,3500,3
1661,COUVRE PIGNON AVANT 115UH HJ,HJ,4100,4600,5000,3
1649,COUVRE PIGNON AVANT 125-10 SY,SY,2500,2600,3000,3
1663,COUVRE PIGNON AVANT 125-8 SY,SY,2500,2600,3000,4
1656,COUVRE PIGNON AVANT 150-9 HJ,HJ,5500,5600,6000,1
1657,COUVRE PIGNON AVANT 8EX HJ,HJ,5000,5200,5500,2
1658,COUVRE PIGNON AVANT 8N HJ,HJ,4100,4600,5000,2
1660,COUVRE PIGNON AVANT TZ HJ,HJ,3600,3800,4500,1
1675,COUVRE VOLANT 110-2N HJ,HJ,8600,8700,10000,2
1676,COUVRE VOLANT 110-3/5 HJ,HJ,6000,6200,7000,3
1682,COUVRE VOLANT 115UH HJ,HJ,10000,10600,12000,1
1684,COUVRE VOLANT 125-10 SY,SY,5000,5500,6000,1
1686,COUVRE VOLANT 125-8 SY,SY,6000,6100,7500,1
1678,COUVRE VOLANT 8EX HJ,HJ,10500,10600,11500,2
1679,COUVRE VOLANT 8N HJ,HJ,11000,11500,13000,3
1681,COUVRE VOLANT TZ HJ,HJ,10500,10600,12000,2
20487,COUVRE VOLANT UD HJ,HJ,9100,9200,10000,1
1687,CROCHET BEQUILLE CENTRALE 125-10 SY,SY,125,250,500,9
1702,CULASSE 110-2N HJ,HJ,11000,11500,13500,4
1711,CULASSE 125 SIMPLE SY,SY,12000,12600,13500,3
1705,CULASSE 8EX/8N HJ,HJ,23000,23200,25000,2
1706,CULASSE TZ HJ,HJ,16100,16300,18000,2
1739,CYLINDRE 110-2N HJ,HJ,8500,8700,9500,3
1740,CYLINDRE 110-3/5 HJ,HJ,8600,8700,9500,8
1747,CYLINDRE 115UH HJ,HJ,12100,12500,13000,2
1729,CYLINDRE 125 EV,EV,8100,9000,10500,2
1736,CYLINDRE 125 SY,SY,7100,7200,8500,18
1742,CYLINDRE 150-9 HJ,HJ,15600,16000,17000,2
1743,CYLINDRE 8N EV,EV,8500,8800,10000,2
1745,CYLINDRE KA HJ,HJ,17000,18000,19000,5
1758,CYNEBLOC FOURCHE 125-10 SY,SY,800,850,1000,9
1759,CYNEBLOC FOURCHE 125-8 SY,SY,800,850,1000,1
1773,DEMARREUR 115UH HJ,HJ,15000,15500,16000,4
1770,DEMARREUR 150-9 HJ,HJ,15000,15500,16500,1
1771,DEMARREUR 8N/TZ/8EX HJ,HJ,12000,12300,13500,2
1772,DEMARREUR KA HJ,HJ,20000,20500,21500,5
1792,DENT AVANT 110-2N HJ,HJ,700,800,1000,8
1793,DENT AVANT 8N HJ,HJ,800,850,1000,5
1794,DENT AVANT KA HJ,HJ,1000,1100,1500,6
1803,DENT BALANCOIRE 150-9 HJ,HJ,14000,14300,15000,5
1804,DENT BALANCOIRE KA HJ,HJ,14000,14300,15000,3
1805,DENT CABLE MOTEUR 8N HJ,HJ,700,1000,1500,7
1831,DENT CHAINE (41T) 125-10 SY,SY,4500,4700,5000,2
1823,DENT CHAINE 110-2N HJ,HJ,4500,4600,5000,9
1814,DENT CHAINE 110-3/5 EV,EV,3500,4100,4500,17
1824,DENT CHAINE 110-3/5 HJ,HJ,4500,4600,5000,12
1820,DENT CHAINE 115UH EV,EV,3500,3600,4500,17
1825,DENT CHAINE 150-9 HJ,HJ,5600,5500,6500,4
1845,DENT CHAINE 8N ORG,ORG,3900,4000,4500,1
20584,DENT CHAINE DR190 HJ,HJ,15100,15500,18000,9
20568,DENT CHAINE KA ORG,ORG,4100,4500,5000,3
20528,DENT CHAINE NK150 HJ,HJ,18000,18500,20000,3
20529,DENT CHAINE XPRESS HJ,HJ,6100,6200,7000,5
1859,DENT COMPTEUR 110-3 HJ,HJ,2500,2600,3000,11
1862,DENT COMPTEUR 125-8 SY,SY,1100,1200,1500,6
1860,DENT COMPTEUR 8N HJ,HJ,3500,3600,4000,6
1866,DENT DE POMPE 110-2N HJ,HJ,1200,1300,1700,2
1867,DENT DE POMPE 115UH HJ,HJ,4100,4300,5000,14
1878,DENT DE VITESSE 110-2N HJ,HJ,10600,11000,12500,4
1879,DENT DE VITESSE 110-3/5 HJ,HJ,10600,10800,12000,7
1882,DENT DE VITESSE 115UH HJ,HJ,15100,15500,18000,5
1883,DENT DE VITESSE 125 SY,SY,13500,14000,15000,1
1881,DENT DE VITESSE 8N/TZ/8EX HJ,HJ,13100,14500,15000,3
1900,DENT VILEBREQUIN 8N HJ,HJ,1500,1600,2000,6
1909,DIRECTION FOURCHE 110 HJ,HJ,4500,5000,6500,2
1910,DIRECTION FOURCHE 110-2N HJ,HJ,9600,10000,13000,6
1911,DIRECTION FOURCHE 110-3/5 HJ,HJ,12100,12000,14000,6
1916,DIRECTION FOURCHE 115UH HJ,HJ,13000,13200,14500,8
1917,DIRECTION FOURCHE 125-10 SY,SY,4100,4200,4500,5
1919,DIRECTION FOURCHE 125-8 SY,SY,4000,4100,5000,6
1913,DIRECTION FOURCHE 8N HJ,HJ,7500,7700,8500,8
1935,DISJONCTEUR 110-2N/KA HJ,HJ,4500,4700,5500,1
1939,DISJONCTEUR 125-10 SY,SY,1500,1600,2000,8
1940,DISJONCTEUR 125-8/16 SY,SY,2500,2600,3000,10
1937,DISJONCTEUR 8N HJ,HJ,4000,4200,4500,3
19225,DISQUE D‘EMBRAYAGE 200ZH-36 SY,SY,7200,7500,8000,6
1953,DISQUE D’EMBRAYAGE 110-2N/3/5 HJ,HJ,1500,1600,1800,9
1955,DISQUE D’EMBRAYAGE 125 SY,SY,1325,1350,1500,27
1962,DISQUE DE FREIN AVANT 110-3 HJ,HJ,4500,4700,6000,2
1967,DISQUE DE FREIN AVANT 115UH HJ,HJ,6100,6200,7000,4
1965,DISQUE DE FREIN AVANT 8EX/8N HJ,HJ,5600,5700,6500,10
1966,DISQUE DE FREIN AVANT KA HJ,HJ,8000,8200,10000,4
1968,DOME PHARE DK HJ,HJ,5100,5200,6000,6
1972,DOUILLE PHARE 110-2N HJ,HJ,1800,1900,2000,6
1973,DOUILLE PHARE 8N HJ,HJ,1700,1900,2000,7
1988,ECHAPPEMENT 110-2N HJ,HJ,23000,23500,28000,3
1997,ECHAPPEMENT 125-10 SY,SY,18200,19000,21000,2
1999,ECHAPPEMENT 125-8 SY,SY,20000,20500,22000,3
1991,ECHAPPEMENT 8N HJ,HJ,15000,26000,27500,3
1993,ECHAPPEMENT TZ HJ,HJ,28000,29000,30000,3
2006,ECROU 24 VIDANGE 125 ORG,ORG,275,400,1000,12
2007,ECROU COUVRE SOUPAPE 110-2N HJ,HJ,1700,1800,2000,2
2009,ECROU COUVRE SOUPAPE 110-2N ORG,ORG,300,350,500,4
2008,ECROU COUVRE SOUPAPE 150-9 HJ,HJ,1550,1600,2000,2
2016,EMBOUT GUIDON 110-3/5 HJ,HJ,1200,1300,1500,7
2021,EMBOUT GUIDON 115UH HJ,HJ,1500,1600,2000,3
2022,EMBOUT GUIDON 125-10 SY,SY,700,850,1000,19
2017,EMBOUT GUIDON 150-9 HJ,HJ,2500,2600,3000,8
2018,EMBOUT GUIDON 8N NM HJ,HJ,1500,1720,2000,11
2019,EMBOUT GUIDON KA HJ,HJ,2025,2100,2500,12
2020,EMBOUT GUIDON TZ HJ,HJ,1400,1450,1700,17
2025,EMBRAYAGE A PATIN 110-2N HJ,HJ,12500,12700,14500,8
2026,EMBRAYAGE A PATIN 115UH HJ,HJ,22000,22500,23500,5
2037,ENJOLIVEUR PHARE TZ HJ,HJ,2025,2100,2500,3
2038,ENJOLIVEUR PORTE PHARE KA HJ,HJ,1500,1600,2000,1
2042,FAUX CLIGNOTANT 110-2N HJ,HJ,500,550,600,3
2045,FAUX CLIGNOTANT 110-3 HJ,HJ,700,800,1000,4
2048,FAUX CLIGNOTANT 125 SY,SY,300,350,400,28
2046,FAUX CLIGNOTANT 150-9 HJ,HJ,350,400,600,3
2047,FAUX CLIGNOTANT 8N HJ,HJ,500,600,700,19
2050,FEU DE POLICE 110-3/5 HJ,HJ,2000,2100,3000,6
2071,FEU STOP 110-2N HJ,HJ,7100,7200,8500,2
2072,FEU STOP 110-3/5 HJ,HJ,3500,3700,5000,2
2073,FEU STOP 110-6 HJ,HJ,5000,5100,5500,2
2086,FEU STOP 115UH SIMPLE HJ,HJ,5100,5200,6000,3
2079,FEU STOP 125-10 SY,SY,2100,2300,3000,6
2074,FEU STOP 150-9 HJ,HJ,4200,4300,6000,1
2081,FEU STOP 8N EV,EV,3000,3200,4500,2
2075,FEU STOP 8N HJ,HJ,7100,7500,8000,1
16557,FEU STOP AVEC CLIGNOTANT 115UH HJ,HJ,8100,8200,10000,5
2076,FEU STOP TF125 HJ,HJ,15000,15500,16500,4
2077,FEU STOP TZ HJ,HJ,3500,3800,5000,3
2099,FILTRE A AIR 110-2N HJ,HJ,4025,4200,5000,3
2095,FILTRE A AIR 110-3/5 HJ,HJ,6100,6200,6500,1
2097,FILTRE A AIR 125-10 SY,SY,2250,2400,3000,6
2098,FILTRE A AIR 125-8 SY,SY,2200,2300,2500,1
2096,FILTRE A AIR 8N HJ,HJ,7000,7200,8500,4
2100,FILTRE A ESSENCE 125 ORG,ORG,90,100,200,20
2108,FOURCHE ARRIERE 110-2N HJ,HJ,8000,8200,10000,6
2109,FOURCHE ARRIERE 110-3 HJ,HJ,13000,13200,13500,2
2110,FOURCHE ARRIERE 110-5 HJ,HJ,11500,11800,14000,2
2115,FOURCHE ARRIERE 125-10 SY,SY,5000,5200,6000,1
2117,FOURCHE ARRIERE 125-8 SY,SY,7100,7200,7500,5
2111,FOURCHE ARRIERE 8N HJ,HJ,8000,8200,10000,8
2112,FOURCHE ARRIERE KA HJ,HJ,8600,8700,10500,4
2113,FOURCHE ARRIERE TZ HJ,HJ,5100,5500,7000,4
2122,FUSIBLE 8N SIMPLE HJ,HJ,225,300,500,9
2138,GARDE BOUE ARRIERE 110-2N HJ,HJ,10000,10500,12000,4
2139,GARDE BOUE ARRIERE 110-3/5 HJ,HJ,8500,8700,9500,2
2145,GARDE BOUE ARRIERE 115UH HJ,HJ,8500,10500,12000,3
2133,GARDE BOUE ARRIERE 125-10 SY,SY,3000,3100,3500,8
2136,GARDE BOUE ARRIERE 125-8 SY,SY,4550,4700,5500,6
2140,GARDE BOUE ARRIERE 150-9 HJ,HJ,12000,12200,13000,1
2141,GARDE BOUE ARRIERE 8EX HJ,HJ,5800,6100,6500,3
2142,GARDE BOUE ARRIERE 8N HJ,HJ,9000,9200,10500,5
16597,GARDE BOUE AVANT 110-2N BORDEAU HJ,HJ,5100,5300,6500,4
18642,GARDE BOUE AVANT 110-2N GRIS HJ,HJ,5100,5300,7000,1
2174,GARDE BOUE AVANT 110-2N NOIR HJ,HJ,6000,6100,6500,4
18633,GARDE BOUE AVANT 110-3 BLANC HJ,HJ,10100,10300,12000,3
16594,GARDE BOUE AVANT 110-3 BLEU HJ,HJ,10000,10500,12000,1
19166,GARDE BOUE AVANT 110-3 GRIS HJ,HJ,10000,10500,12000,5
16605,GARDE BOUE AVANT 110-3 NOIR HJ,HJ,10000,11500,12000,1
16591,GARDE BOUE AVANT 110-5 BLANC HJ,HJ,11500,12000,13000,3
2175,GARDE BOUE AVANT 110-5 NOIR HJ,HJ,11500,12500,13000,3
16596,GARDE BOUE AVANT 110-6 BLEU HJ,HJ,6100,6500,7000,1
16593,GARDE BOUE AVANT 115UH BLANC HJ,HJ,12000,12200,14000,4
18644,GARDE BOUE AVANT 115UH GRIS HJ,HJ,12000,12200,14000,2
20333,GARDE BOUE AVANT 115UH NOIR HJ,HJ,5100,5200,14000,4
2156,GARDE BOUE AVANT 125-16 SY,SY,7500,7700,8500,1
2160,GARDE BOUE AVANT 125-8 SY,SY,4000,4200,4500,2
2166,GARDE BOUE AVANT 8EX HJ,HJ,5100,5500,6500,3
2167,GARDE BOUE AVANT 8N HJ,HJ,9500,9700,10500,4
20308,GARDE BOUE AVANT DK NOIR HJ,HJ,13600,13700,15000,3
19727,GARDE BOUE AVANT KA BLANC HJ,HJ,13500,13800,14500,2
16607,GARDE BOUE AVANT KA NOIR HJ,HJ,13500,13800,14500,1
16619,GARDE BOUE AVANT KA VERT HJ,HJ,13500,13800,14500,1
16617,GARDE BOUE AVANT SECONDAIRE 110-2N HJ,HJ,3600,3700,4000,5
20631,GARDE BOUE AVANT TF/TZ PRO GRIS HJ,HJ,14000,14500,15000,1
16598,GARDE BOUE AVANT TF125/TZ PRO BORDEAU HJ,HJ,14000,14500,15000,3
16608,GARDE BOUE AVANT TF125/TZ PRO NOIR HJ,HJ,14000,14500,15000,1
16599,GARDE BOUE AVANT TZ BORDEAU HJ,HJ,8100,8200,8500,2
16609,GARDE BOUE AVANT TZ NOIR HJ,HJ,8000,8200,8500,2
16620,GLOBE PHARE CAOUTCHOUC TZ BLEU HJ,HJ,5000,5200,5500,1
16621,GLOBE PHARE CAOUTCHOUC TZ BORDEAU HJ,HJ,5000,5200,5500,2
16622,GLOBE PHARE CAOUTCHOUC TZ GRIS HJ,HJ,5000,5200,5500,2
1305,GOMME COUVRE BATTERIE 125-10 ORG,ORG,200,300,500,13
1306,GOMME COUVRE BATTERIE 125-8 ORG,ORG,225,300,500,15
1307,GOMME COUVRE CHAINE 110-2N HJ,HJ,350,375,500,10
2183,GOMME DENT BALANCOIRE 150-9 HJ,HJ,325,350,500,11
2190,GOMME MOYEU 110-2N/3/5 HJ,HJ,1325,1400,2000,17
2194,GOMME MOYEU 125-10 SY,SY,500,900,1000,5
2191,GOMME MOYEU 150-9 HJ,HJ,1100,1200,2000,10
2192,GOMME MOYEU 8N/TZ HJ,HJ,1600,1700,2000,3
2199,GOMME POSE PIED 110-2N/3/5 HJ,HJ,800,1000,1000,12
2202,GOMME POSE PIED 115UH HJ,HJ,800,850,1000,4
2200,GOMME POSE PIED 8N HJ,HJ,800,850,1100,17
2201,GOMME POSE PIED TZ HJ,HJ,850,900,1100,16
2206,GUIDE SOUPAPE 110- SY,SY,550,650,1000,8
19135,GUIDE SOUPAPE 125 ORG,ORG,800,900,1000,24
2217,GUIDON 110-2N HJ,HJ,7000,7200,8000,2
2218,GUIDON 110-3 HJ,HJ,8000,8200,8500,7
20489,GUIDON 110-5 HJ,HJ,8000,8200,8500,1
20530,GUIDON 115UH HJ,HJ,11600,11700,13000,1
2225,GUIDON 125-10 SY,SY,2500,2600,3000,1
2227,GUIDON 125-8 SY,SY,3025,3200,4000,4
2221,GUIDON 8N HJ,HJ,3900,4000,4500,7
2222,GUIDON DK HJ,HJ,4100,4300,5500,3
2223,GUIDON KA HJ,HJ,5000,5200,6000,8
2236,HUILE A FREIN 125 PM AP,AP,350,400,500,8
2238,HUILE A MOTEUR EV,EV,1950,2150,2500,105
2248,IMPERMEABLE 8N HJ,HJ,4000,5100,5500,20
20600,IMPERMEABLE ORG,ORG,3100,3500,4000,10
2250,INSIGNE COUVRE BATTERIE 8N HJ,HJ,800,850,1000,1
2260,INSIGNE RESERVOIR 125-10 SY,SY,650,700,1000,3
2262,INSIGNE RESERVOIR 125-8 SY,SY,800,850,1100,14
2258,INSIGNE RESERVOIR 8N HJ,HJ,1000,1050,1200,17
2280,INSTALLATION 110-2N HJ,HJ,8500,8700,9500,4
2279,INSTALLATION 110-3/5 HJ,HJ,8500,8700,10500,2
2281,INSTALLATION 8N HJ,HJ,10100,11700,12000,1
2282,INSTALLATION KA HJ,HJ,13000,13200,15000,1
2303,JANTE ARRIERE 110-2N HJ,HJ,23600,23700,25000,4
2304,JANTE ARRIERE 110-3/5 HJ,HJ,19000,23800,24500,5
2312,JANTE ARRIERE 125-10 SY,SY,15000,17200,18000,1
2314,JANTE ARRIERE 125-8 SY,SY,17500,18000,18500,3
2305,JANTE ARRIERE 150-9 HJ,HJ,25100,25500,27000,1
2306,JANTE ARRIERE 8N HJ,HJ,20100,21500,22000,1
2308,JANTE ARRIERE KA HJ,HJ,34600,34800,36000,1
2309,JANTE ARRIERE TF125 HJ,HJ,31000,31500,32500,2
2310,JANTE ARRIERE TZ HJ,HJ,23200,23800,25000,4
2330,JANTE AVANT 110-2N HJ,HJ,20500,21000,22500,3
2332,JANTE AVANT 110-5 HJ,HJ,20500,21000,21500,2
2344,JANTE AVANT 115UH A DISQUE HJ,HJ,18200,18500,20000,7
2340,JANTE AVANT 115UH HJ,HJ,18200,18500,20000,2
2341,JANTE AVANT 125-10 SY,SY,16600,16700,17500,3
2342,JANTE AVANT 125-16 SY,SY,19000,19500,20000,1
2343,JANTE AVANT 125-8 SY,SY,17100,17500,18000,3
2334,JANTE AVANT 150-9 HJ,HJ,22000,22500,23000,1
2335,JANTE AVANT 8N HJ,HJ,20000,20500,22500,4
2337,JANTE AVANT KA HJ,HJ,33000,33500,35000,2
2338,JANTE AVANT TF125/150 HJ,HJ,28000,28500,30000,1
2349,JAUGE D‘ESSENCE 110-3/5 HJ,HJ,1100,1200,2000,10
2357,JAUGE D‘HUILE A MOTEUR 125 SY,SY,325,350,500,9
2348,JAUGE D’ESSENCE 110-2N HJ,HJ,2000,2100,2500,3
2352,JAUGE D’ESSENCE 125 SY,SY,1300,1400,1700,2
2350,JAUGE D’ESSENCE 8N HJ,HJ,2000,2100,2500,1
2359,JAUGE D’HUILE A MOTEUR 110-2N HJ,HJ,1000,1200,1500,7
19130,JOINT 110-2N COMPLET ORG,ORG,650,750,1000,5
2361,JOINT CARBURATEUR 125 AP,AP,100,125,200,1
2363,JOINT CARTERE CENTRAL 8N HJ,HJ,700,850,1000,9
2379,JOINT COUVRE CULASSE 115UH HJ,HJ,2100,2200,2500,1
19227,JOINT COUVRE CULASSE 125 ORG,ORG,275,350,500,13
2380,JOINT COUVRE CULASSE 125-16 ORG,ORG,200,250,300,10
2386,JOINT CULASSE 110-2N HJ,HJ,800,850,1000,1
2394,JOINT CULASSE 110-2N ORG,ORG,150,175,300,26
20613,JOINT CULASSE 115UH HJ,HJ,3100,3200,3500,10
2387,JOINT CULASSE 150-9 HJ,HJ,1500,1600,2000,7
2389,JOINT CULASSE KA HJ,HJ,2500,2800,3000,11
16695,JOINT CULASSE KA ORG,ORG,500,600,1000,15
2403,JOINT CYLINDRE 110-2N HJ,HJ,650,650,800,4
2407,JOINT CYLINDRE 110-2N ORG,ORG,55,100,200,17
18739,JOINT CYLINDRE 115UH HJ,HJ,1000,1100,1500,17
2404,JOINT CYLINDRE 150-9/KA HJ,HJ,1050,1300,1500,13
2413,JOINT D‘ECHAPPEMENT ROUGE 125 ORG,ORG,50,65,100,31
19224,JOINT D’ECHAPPEMENT 8N HJ,HJ,500,600,1000,21
2416,JOINT DEMI CARTERE 110-2N HJ,HJ,600,700,800,8
2419,JOINT DEMI CARTERE 125 ORG,ORG,100,125,200,29
2417,JOINT DEMI CARTERE 150-9 HJ,HJ,1000,1050,1200,3
2429,JOINT VOLANT 110-2N ORG,ORG,100,125,200,9
16708,JOINT VOLANT 115UH HJ,HJ,650,700,1000,9
2428,JOINT VOLANT 125 ORG,ORG,100,125,200,38
2427,JOINT VOLANT 150-9/KA HJ,HJ,2000,2100,2500,3
2436,KLAXON 110-2N/3/5 HJ,HJ,1500,1600,1800,9
2438,KLAXON 125 SY,SY,800,850,1000,15
2437,KLAXON 8N/TZ/8EX HJ,HJ,1500,1700,2000,7
19138,LAME DISQUE 125 SY,SY,1000,1200,1500,9
2468,LEVIER DE FREIN 110-2N HJ,HJ,2500,2700,3500,5
2469,LEVIER DE FREIN 110-3/5 HJ,HJ,3000,3100,3500,8
2475,LEVIER DE FREIN 115UH HJ,HJ,3100,3200,3500,7
2478,LEVIER DE FREIN 125-8 SY,SY,3100,3300,3500,6
2471,LEVIER DE FREIN 150-9 HJ,HJ,2700,2800,3500,2
2472,LEVIER DE FREIN 8EX/8N HJ,HJ,4500,4600,5000,8
2474,LEVIER DE FREIN TZ HJ,HJ,2600,3100,3500,5
2497,LEVIER DE VITESSE 110-2N HJ,HJ,2000,2200,2500,8
2502,LEVIER DE VITESSE 115UH HJ,HJ,2500,2600,3000,5
2504,LEVIER DE VITESSE 125-8/16 SY,SY,1500,1650,2000,3
2500,LEVIER DE VITESSE 8N/TZ HJ,HJ,3000,3200,3500,10
2506,LEVIER DE VITESSE INTERIEUR 125 HJ,HJ,2500,2600,3000,10
2516,LEVIER STATEUR 8N HJ,HJ,1100,1200,1500,5
2518,LEVIER TENDEUR 110-2N COMPLET HJ,HJ,1000,1100,1500,16
2526,MANETTE BOCALE 125-8 SY,SY,4000,4200,5000,2
2524,MANETTE BOCALE 8N HJ,HJ,6100,6300,6500,7
20290,MANETTE BOCALE KA HJ,HJ,8600,8500,12000,1
2531,MANETTE D‘EMBRAYAGE 125-8 SY,SY,1300,1300,1500,3
2528,MANETTE D‘EMBRAYAGE 8N HJ,HJ,2100,2300,2500,10
20602,MANETTE D‘EMBRAYAGE KA/DA/150-9 HJ,HJ,3300,3500,4000,5
2549,MANETTE DE FREIN 110-2N/5 HJ,HJ,1500,1600,2000,18
18782,MANETTE DE FREIN 115UH HJ,HJ,1500,1600,2000,2
2551,MANETTE DE FREIN 125-10 SY,SY,1200,1250,1300,5
2553,MANETTE DE FREIN 125-8 SY,SY,700,800,1000,10
2577,MANIVELLE 110-3/5 HJ,HJ,3600,3600,4000,7
2578,MANIVELLE 8N/TZ/8EX HJ,HJ,4500,4600,5000,4
2585,MANO D’EMBRAYAGE 150-9/KA HJ,HJ,1300,1350,1500,4
2587,MANO DE VITESSE 8N HJ,HJ,2000,2100,2500,3
2595,MANO STOP ARRIERE 110-2N/3/5 HJ,HJ,400,450,600,17
2600,MANO STOP ARRIERE 125 SY,SY,300,350,500,16
2597,MANO STOP ARRIERE 8N HJ,HJ,700,800,1000,12
2601,MANO STOP AVANT 125-8 ORG,ORG,150,200,400,20
2603,MANO STOP AVANT 8N HJ,HJ,650,700,800,9
2625,MOTEUR 110-2N HJ,HJ,160100,165000,170000,1
2631,MOTEUR 115UH HJ,HJ,196000,200000,205000,1
2632,MOTEUR 125-10 SY,SY,170000,172000,180000,2
2647,MOTO 110-3 GRISE HJ,HJ,670000,680000,695000,1
19192,MOTO 110-3 NOIRE HJ,HJ,670000,680000,695000,2
2648,MOTO 110-5 GRISE HJ,HJ,655000,660000,680000,1
19191,MOTO 110-5 NOIRE HJ,HJ,655000,660000,680000,2
19188,MOTO 115UH-S GRISE HJ,HJ,720000,725000,750000,2
20192,MOTO 115UH-S NOIRE HJ,HJ,720000,725000,750000,1
19206,MOTO 125-10 BLEUE SY,SY,460000,465000,470000,1
19205,MOTO 125-10 BORDEAU SY,SY,460000,465000,470000,3
19204,MOTO 125-10 NOIRE SY,SY,452000,455000,470000,2
20580,MOTO 125-10HF BORDEAU SY,SY,460000,465000,480000,1
20581,MOTO 125-10HF NOIRE SY,SY,460000,465000,480000,1
19202,MOTO 125-8 NOIRE SY,SY,501000,505000,520000,1
20575,MOTO 125-8C NOIRE SY,SY,545000,555000,565000,2
20578,MOTO 125-90A NOIRE SY,SY,540000,545000,560000,1
20675,MOTO 125-90A BLEUE SY,SY,540000,545000,560000,1
19880,MOTO 8N GRISE HJ,HJ,600000,605000,620000,3
19194,MOTO 8N NOIRE HJ,HJ,600000,605000,620000,7
19883,MOTO 8STAR BORDEAU HJ,HJ,615000,620000,640000,5
19201,MOTO KA BLANCHE HJ,HJ,820000,825000,850000,1
19200,MOTO KA NOIRE HJ,HJ,820000,825000,850000,1
20534,MOTO TZ125 PRO BLEU HJ,HJ,655000,660000,680000,1
19207,MOTO TZ125 PRO NOIRE HJ,HJ,655000,660000,680000,1
20533,MOTO TZ150 PRO BLEU HJ,HJ,695000,700000,725000,1
2667,MOTO TZ150 PRO NOIRE HJ,HJ,695000,700000,725000,1
2713,MOUSSE FILTRE A AIR 110-2N HJ,HJ,1000,1100,1500,4
2715,MOUSSE FILTRE A AIR 8N HJ,HJ,1550,1600,2000,7
20526,MOUSSE FILTRE A KA HJ,HJ,2500,2800,3500,4
2723,PATIN D’EMBRAYAGE 110-2N/3/5 HJ,HJ,5400,5500,6500,8
2737,PATIN DE FREIN ARRIERE 110-2N/3/5 ORG,ORG,700,800,1200,43
2735,PATIN DE FREIN ARRIERE 125 SY,SY,1225,1300,1500,28
2736,PATIN DE FREIN ARRIERE 8N ORG,ORG,775,950,1300,41
2751,PATIN DE FREIN AVANT 110-3/115UH HJ,HJ,2100,2200,2500,13
2757,PATIN DE FREIN AVANT 110-3/115UH ORG,ORG,500,600,1000,9
2755,PATIN DE FREIN AVANT 125-8 SY,SY,900,1100,1500,4
2752,PATIN DE FREIN AVANT 150-9 HJ,HJ,2200,2300,3000,2
2753,PATIN DE FREIN AVANT 8N/TZ/8EX HJ,HJ,2100,2200,2500,6
2754,PATIN DE FREIN AVANT KA HJ,HJ,4025,4100,4500,11
2763,PAVILLON AILE AVANT 110-2N DROITE HJ,HJ,2000,2100,2500,5
2787,PHARE 110-2N HJ,HJ,8500,8600,9500,3
2789,PHARE 110-5 HJ,HJ,11000,11500,12000,6
2800,PHARE 115UH HJ,HJ,12000,12200,13500,3
2802,PHARE 125-10 SY,SY,3100,3200,3500,12
2804,PHARE 125-8 SY,SY,5600,5700,7000,2
2791,PHARE 150-9 HJ,HJ,17500,17700,19000,2
2792,PHARE 8EX HJ,HJ,9000,9700,10000,2
19182,PHARE 8N EV,EV,5000,5497,6000,2
2793,PHARE 8N HJ,HJ,7500,7800,9000,4
2795,PHARE DK HJ,HJ,13500,14000,15000,1
2797,PHARE TF125/150 HJ,HJ,28500,29000,30000,2
2798,PHARE TZ HJ,HJ,7600,7800,8500,6
2790,PHARE UD/110-6 HJ,HJ,6500,6700,7500,1
2799,PHARE UD-S HJ,HJ,9000,9500,10000,6
2813,PISTON SEGMENT STD 110-2N/110-6 HJ,HJ,3000,3100,3500,4
2814,PISTON SEGMENT STD 150-9 HJ,HJ,6500,6600,7000,2
2815,PISTON SEGMENT STD 8N/TZ/8EX HJ,HJ,3050,3200,3500,46
2816,PISTON SEGMENT STD KA HJ,HJ,6000,6100,7000,8
2821,PISTON SEGMENT STD+ 110-2N/110-6 EV,EV,1600,1800,2500,13
2822,PISTON SEGMENT STD+ 125 EV,EV,1600,1800,2500,24
2830,PISTON SEGMENT STD+ 125 SY,SY,2600,2700,3500,3
2825,PISTON SEGMENT STD+ 150-9 HJ,HJ,6500,6600,7000,4
2823,PISTON SEGMENT STD+ 8N EV,EV,1900,2000,3000,16
2826,PISTON SEGMENT STD+ 8N HJ,HJ,2600,2700,3500,19
2827,PISTON SEGMENT STD+ KA HJ,HJ,6100,6300,7000,3
2892,PISTON SEGMENT STD++ 125 EV,EV,1500,2100,2500,45
2893,PISTON SEGMENT STD++ 8N EV,EV,2300,2600,3000,23
2905,PLAQUETTE VOLANT 110-2N HJ,HJ,3000,3100,3500,6
2907,PNEU 500-12 TNT 200ZH SY,SY,11500,12500,15000,10
2915,PNEU ARRIERE 110-90-16 TNT 125 SY,SY,12100,12500,13500,3
2922,PNEU ARRIERE 275-17 110-2N ORG,ORG,6200,6300,8000,1
2923,PNEU ARRIERE 275-17 TNT 110- SY,SY,6100,6500,8000,16
2929,PNEU ARRIERE 300-18 TNT 125 SY,SY,6100,6500,7500,10
19948,PNEU ARRIERE 325-18 GY HJ,HJ,15000,15100,16000,1
2910,PNEU ARRIERE DR HJ,HJ,44000,44500,46000,1
2946,PNEU AVANT 250-17 110-2N ORG,ORG,5100,5200,7000,4
19229,PNEU AVANT 275-17 XPRESS HJ,HJ,7000,7500,10000,4
2943,PNEU AVANT 275-18 TNT 125 SY,SY,5200,6200,6500,17
2963,PNEU AVANT CORDIAL 115UH HJ,HJ,15000,15500,16000,7
19226,PNEU AVANT DR190 HJ,HJ,33000,33500,35000,1
2986,POIGNET 110-2N/3/5 DROIT HJ,HJ,1000,1200,1500,3
2992,POIGNET 125-10 DROIT SY,SY,2100,2200,2500,5
3007,POIGNET 125-10 GAUCHE SY,SY,2000,2600,3000,9
2993,POIGNET 125-16 DROIT SY,SY,2000,2200,2500,5
2994,POIGNET 125-8 DROIT SY,SY,2000,2200,2500,3
2987,POIGNET 150-9 DROIT HJ,HJ,3500,3700,4500,1
3002,POIGNET 150-9 GAUCHE HJ,HJ,3500,3600,4500,3
2988,POIGNET 8N DROIT HJ,HJ,2600,2700,3700,3
3003,POIGNET 8N GAUCHE HJ,HJ,3100,3200,3500,9
19184,POIGNET 8STAR DROIT HJ,HJ,6500,6600,7000,9
2989,POIGNET KA DROIT HJ,HJ,3050,3200,3500,2
3004,POIGNET KA GAUCHE HJ,HJ,3500,3700,4000,3
3006,POIGNET TZ GAUCHE HJ,HJ,3000,3200,3500,3
3015,POMPE A ESSENCE 110-3/5 HJ,HJ,4000,4200,5000,6
3021,POMPE A HUILE 110-2N/3/5 HJ,HJ,2000,2100,3000,11
3024,POMPE A HUILE 125 SY,SY,3000,3100,3500,4
3022,POMPE A HUILE 150-9 HJ,HJ,7000,7500,8500,3
3023,POMPE A HUILE 8N HJ,HJ,3000,3100,3500,6
3037,PORTE BAGAGE 110-2N HJ,HJ,14500,14600,16500,2
3038,PORTE BAGAGE 110-3/5 HJ,HJ,13000,13700,15000,2
20177,PORTE BAGAGE 115UH CENTRAL HJ,HJ,2500,3000,4000,2
16839,PORTE BAGAGE 115UH COURT HJ,HJ,7600,8000,10000,1
16840,PORTE BAGAGE 115UH LONG HJ,HJ,13600,13800,15000,1
3044,PORTE BAGAGE 125-10 SY,SY,6600,6700,7500,8
3041,PORTE BAGAGE 8N HJ,HJ,13000,13200,14500,4
3042,PORTE BAGAGE TZ HJ,HJ,9200,9500,10500,2
18890,PORTE CLIGNOTANT 110-3 BLANC HJ,HJ,13000,13500,15000,4
16844,PORTE CLIGNOTANT 110-3 NOIR HJ,HJ,13000,13500,15000,6
3055,PORTE CLIGNOTANT KA HJ,HJ,2550,2600,3000,9
20646,PORTE DENT ARRIERE 115UH HJ,HJ,3100,3200,4000,4
3057,PORTE DENT ARRIERE 8N HJ,HJ,3100,3300,4000,2
3075,PORTE DISQUE 110-2N COMPLET HJ,HJ,6600,6700,8000,14
3087,PORTE DISQUE 6D-5T 125 COMPLET SY,SY,4100,4200,5000,13
3071,PORTE DISQUE 8N COMPLET EV,EV,3600,3700,4500,1
3077,PORTE DISQUE 8N/TZ COMPLET HJ,HJ,6100,6300,7500,2
3078,PORTE DISQUE KA COMPLET HJ,HJ,12100,12200,14500,3
16854,PORTE FEU STOP TZ BORDEAU HJ,HJ,6600,6700,7500,2
16856,PORTE FEU STOP TZ NOIR HJ,HJ,6500,6600,7500,2
3112,PORTE GUIDON 125-10 SY,SY,2500,2600,3000,6
3114,PORTE GUIDON 125-8 SY,SY,2700,2800,3500,2
3110,PORTE GUIDON 150-9 HJ,HJ,3500,3600,4000,1
3111,PORTE GUIDON 8N HJ,HJ,2500,2600,3500,3
3125,PORTE INSIGNE FOURCHE 125-10 SY,SY,1250,1300,1700,4
19218,PORTE INSIGNE FOURCHE 125-16 SY,SY,1000,1100,1500,5
3123,PORTE INSIGNE FOURCHE 8N HJ,HJ,2000,2100,2500,6
3124,PORTE INSIGNE FOURCHE TZ HJ,HJ,2000,2100,2500,5
3128,PORTE PATIN ARRIERE 110-2N HJ,HJ,3500,3700,4000,2
3129,PORTE PATIN ARRIERE 110-3/5 HJ,HJ,4000,4200,5000,3
3131,PORTE PATIN ARRIERE 125-10 SY,SY,4000,4200,4500,1
3130,PORTE PATIN ARRIERE 8N HJ,HJ,4500,4600,5000,7
3133,PORTE PATIN AVANT 110-2N HJ,HJ,3500,3700,4000,2
3134,PORTE PATIN AVANT 110-5 HJ,HJ,5000,5200,5500,2
3135,PORTE PATIN AVANT 125-10 SY,SY,2600,2700,3500,8
16873,PORTE PHARE 110-2N BLEU HJ,HJ,4600,4800,6000,3
19074,PORTE PHARE 110-2N BORDEAU HJ,HJ,4600,4800,6000,5
16881,PORTE PHARE 110-2N GRIS HJ,HJ,4600,4800,6000,6
19072,PORTE PHARE 110-2N NOIR HJ,HJ,4500,5000,6000,6
16871,PORTE PHARE 110-3 BLANC HJ,HJ,13100,13700,15000,3
19077,PORTE PHARE 110-3 GRIS HJ,HJ,10000,13700,13000,10
16884,PORTE PHARE 110-3 NOIR HJ,HJ,10100,10300,13000,3
16882,PORTE PHARE 110-5 GRIS HJ,HJ,14500,14700,15000,1
16885,PORTE PHARE 110-5 NOIR HJ,HJ,14500,14700,15000,1
3169,PORTE PHARE 115UH BLANC HJ,HJ,14000,14500,15000,1
16886,PORTE PHARE 115UH NOIR HJ,HJ,14000,14500,15000,2
20216,PORTE PHARE 115UH-S GRIS HJ,HJ,13100,13500,15000,3
20215,PORTE PHARE 115UH-S NOIR HJ,HJ,13000,14500,15000,2
20013,PORTE PHARE TF125/150 BORDEAU HJ,HJ,9100,9400,10500,3
3167,PORTE PHARE TF125/150 NOIR HJ,HJ,9100,9400,10500,3
19088,PORTE PHARE UD-S GRIS HJ,HJ,6500,6700,9000,2
19089,PORTE PHARE UD-S NOIR HJ,HJ,6500,6700,9000,2
3178,PORTE TABLEAU 110-2N HJ,HJ,3600,3800,4500,5
3179,PORTE TABLEAU 110-3/5 HJ,HJ,3500,3700,4000,7
3181,PORTE TABLEAU 115UH HJ,HJ,4100,4300,5000,4
3199,POSE PIED ARRIERE 110-2N DROIT COMPLET HJ,HJ,3600,3700,4500,10
3206,POSE PIED ARRIERE 110-2N GAUCHE COMPLET HJ,HJ,4000,4100,4500,6
20394,POSE PIED ARRIERE 110-3 SIMPLE HJ,HJ,1700,2000,2000,23
3200,POSE PIED ARRIERE 110-3/5 DROIT COMPLET HJ,HJ,6600,6700,7500,5
3207,POSE PIED ARRIERE 110-3/5 GAUCHE COMPLET HJ,HJ,6500,6700,7500,2
3201,POSE PIED ARRIERE 110-6 DROIT COMPLET HJ,HJ,3000,3100,3500,1
3189,POSE PIED ARRIERE 125-10 SY,SY,600,700,1000,14
3202,POSE PIED ARRIERE 150-9 DROIT HJ,HJ,3500,3600,4500,1
3209,POSE PIED ARRIERE 150-9 GAUCHE HJ,HJ,3500,3600,4500,1
3203,POSE PIED ARRIERE 8N DROIT HJ,HJ,2300,2500,2800,2
3229,POSE PIED AVANT 125-16 DROIT SY,SY,2500,2600,3000,4
3235,POSE PIED AVANT 125-16 GAUCHE SY,SY,2500,2600,3000,5
3226,POSE PIED AVANT 8N DROIT HJ,HJ,4100,4300,4800,4
3232,POSE PIED AVANT 8N GAUCHE HJ,HJ,4100,4300,4500,5
3227,POSE PIED AVANT KA DROIT HJ,HJ,4000,4200,4500,1
3233,POSE PIED AVANT KA GAUCHE HJ,HJ,4000,4200,4500,6
3228,POSE PIED AVANT TZ DROIT HJ,HJ,4500,4600,5000,1
3243,POSE PIED CENTRAL 110-2N HJ,HJ,4100,4200,5000,3
3244,POSE PIED CENTRAL 110-3/5 HJ,HJ,5000,5200,6000,2
3224,POSE PIED CENTRAL 125-10 SY,SY,2600,2600,3500,5
3251,REFROIDISSEUR 110-2N HJ,HJ,3500,3700,4500,1
3258,RELAIS DEMARREUR 110-2N HJ,HJ,2000,3100,3500,4
3262,RELAIS DEMARREUR 125 SY,SY,2200,2300,2700,5
3260,RELAIS DEMARREUR 8N HJ,HJ,1800,1900,2500,2
19183,RESERVOIR 125-10 BLEU SY,SY,12600,12800,14500,5
16924,RESERVOIR 125-10 BORDEAU SY,SY,12600,12700,14500,5
19181,RESERVOIR 125-8 BORDEAU SY,SY,12500,12700,14000,2
16928,RESERVOIR 125-8 NOIR SY,SY,13600,13800,14500,5
16925,RESERVOIR 8EX BORDEAU HJ,HJ,22600,22700,25000,1
16929,RESERVOIR 8EX NOIR HJ,HJ,22500,23000,24000,2
19094,RESERVOIR 8N BLEU HJ,HJ,28000,28200,30000,2
19092,RESERVOIR 8N BORDEAU HJ,HJ,28000,28200,30000,2
16930,RESERVOIR 8N NOIR HJ,HJ,28000,28200,30000,4
3279,RESERVOIR TZ PRO NOIR HJ,HJ,32000,23000,35000,1
3309,RESSORT BEQUILLE CENTRALE 110-2N HJ,HJ,350,400,500,5
3310,RESSORT BEQUILLE CENTRALE 110-3/5 HJ,HJ,350,400,500,8
3312,RESSORT BEQUILLE CENTRALE 125-10 SY,SY,400,425,500,39
3313,RESSORT BEQUILLE CENTRALE 125-8/16 SY,SY,400,425,500,18
3314,RESSORT BEQUILLE LATERALE 110-2N HJ,HJ,350,400,500,9
3317,RESSORT BEQUILLE LATERALE 125 ORG,ORG,125,150,300,19
3315,RESSORT BEQUILLE LATERALE 8N HJ,HJ,300,400,500,15
3326,RESSORT LEVIER DE FREIN 110-2N HJ,HJ,350,400,500,2
3327,RESSORT LEVIER DE FREIN 8N HJ,HJ,325,350,500,5
3328,RESSORT LEVIER DE FREIN TZ HJ,HJ,350,400,500,3
3339,RESSORT MANO STOP 125-10 SY,SY,200,350,500,10
3332,RESSORT MANO STOP 125-8 ORG,ORG,100,125,200,50
3336,RESSORT MANO STOP 8N HJ,HJ,350,400,500,12
3361,RETROVISEUR 110-2N HJ,HJ,4000,4200,5000,16
3363,RETROVISEUR 110-6 HJ,HJ,3100,3600,4000,5
3369,RETROVISEUR 125-10 SY,SY,1000,1100,1500,5
3356,RETROVISEUR 125-16 EV,EV,3100,3200,4000,16
3371,RETROVISEUR 125-8 SY,SY,1050,1100,1500,11
3365,RETROVISEUR 8N HJ,HJ,4500,4600,5500,2
19102,RETROVISEUR DF170/DR HJ,HJ,8000,8500,10000,1
3366,RETROVISEUR KA HJ,HJ,4100,4500,5000,6
20398,RETROVISEUR KA ORG,ORG,2100,2500,3500,6
3367,RETROVISEUR TF125/150 HJ,HJ,5000,5200,6000,10
3385,RETROVISEUR TZ HJ,HJ,4100,4600,5000,8
3396,ROBINET D’ESSENCE 125-8 SY,SY,1500,1800,2000,3
3393,ROBINET D’ESSENCE 8N HJ,HJ,2000,2200,2500,6
3406,ROULEMENT 6004 110-2N HJ,HJ,225,300,500,52
3416,ROULEMENT 6202 125-10 HJ,HJ,200,300,500,41
19105,ROULEMENT 6203 110-2N HJ,HJ,275,300,500,32
19164,ROULEMENT 6204 8N HJ,HJ,325,500,700,19
16958,ROULEMENT 6301 110-2N/8N HJ,HJ,200,300,500,37
19187,ROULEMENT 6302 HJ,HJ,300,350,500,64
3436,ROULEMENT ARBRE A CAME 115UH HJ,HJ,1000,1100,2000,3
3444,ROULETTE CYLINDRE 110-2N GM HJ,HJ,400,500,800,76
3446,ROULETTE CYLINDRE 110-2N PM HJ,HJ,450,500,800,57
19222,ROULETTE CYLINDRE 115UH GM HJ,HJ,800,900,1500,33
19223,ROULETTE CYLINDRE 115UH PM HJ,HJ,800,900,1200,2
3477,SELLE 110-3/5 HJ,HJ,18600,18700,22000,3
20532,SELLE 115UH HJ,HJ,21000,22000,25000,3
3482,SELLE 125-16 SY,SY,14000,14500,15000,1
3483,SELLE 125-8 SY,SY,7100,7300,8500,2
3478,SELLE 150-9 HJ,HJ,14100,14300,16000,1
3479,SELLE 8N HJ,HJ,14000,14500,15000,2
20200,SELLE ARRIERE KA HJ,HJ,7000,7500,9000,1
3480,SELLE TZ HJ,HJ,14000,14500,15500,1
20484,SOUPAPE 110-2N EV,EV,1200,1250,1500,2
3493,SOUPAPE 110-2N/3/5 HJ,HJ,1700,1800,2500,26
3497,SOUPAPE 115UH HJ,HJ,3000,3100,3500,21
3494,SOUPAPE 150-9 HJ,HJ,5500,5600,6000,3
3496,SOUPAPE KA HJ,HJ,7000,7100,8000,7
3509,SUPPORT POSE PIED ARRIERE 150-9 GAUCHE HJ,HJ,7500,7600,8000,1
3512,SYNCRO 110-2N ORG,ORG,2500,2800,3500,3
3515,SYNCRO 110-3/5 HJ,HJ,3000,3200,4000,2
3546,TABLEAU COMPTEUR 110-2N HJ,HJ,12500,12700,13500,2
3547,TABLEAU COMPTEUR 110-3/5 HJ,HJ,12100,12500,14000,1
16981,TABLEAU COMPTEUR 110-6 HJ,HJ,7500,7800,8500,1
3557,TABLEAU COMPTEUR 115UH HJ,HJ,13500,13700,15000,3
3561,TABLEAU COMPTEUR 125-8 SY,SY,13100,13500,14000,4
3548,TABLEAU COMPTEUR 150-9 HJ,HJ,35500,36000,37000,1
3549,TABLEAU COMPTEUR 8EX HJ,HJ,10000,11000,12000,3
3550,TABLEAU COMPTEUR 8N HJ,HJ,15100,15300,16500,5
3551,TABLEAU COMPTEUR DA HJ,HJ,32200,32500,34500,1
3552,TABLEAU COMPTEUR KA HJ,HJ,42500,42700,45000,2
3553,TABLEAU COMPTEUR TF125 HJ,HJ,26600,26800,28500,6
3554,TABLEAU COMPTEUR TF150 HJ,HJ,26500,27000,28500,1
3555,TABLEAU COMPTEUR TZ HJ,HJ,24000,24200,25000,2
16990,TAMBOUR DE FREIN AVANT 115UH HJ,HJ,12100,12500,13500,3
3590,TAPETTE CULASSE 110-2N HJ,HJ,2000,2100,2500,10
3593,TAPETTE CULASSE 110-2N ORG,ORG,1400,1500,2000,3
1712,TAPETTE CULASSE 150-9 HJ,HJ,8000,8100,9500,3
1713,TAPETTE CULASSE 8N/TZ/8EX HJ,HJ,4600,4700,5000,9
3598,TAPETTE CYLINDRE 125 SY,SY,3100,3200,3500,21
3597,TAPETTE CYLINDRE 8N HJ,HJ,2600,2700,3500,9
3608,TENDEUR CHAINE 110-2N HJ,HJ,500,550,700,7
3609,TENDEUR CHAINE 110-3/5 HJ,HJ,500,550,700,7
3613,TENDEUR CHAINE 125-10 SY,SY,300,350,500,3
3610,TENDEUR CHAINE 8N/TZ HJ,HJ,325,350,700,6
3616,TENDEUR CULASSE 150-9 HJ,HJ,7000,7200,7500,6
3617,TENDEUR CULASSE KA HJ,HJ,4000,4500,5000,5
3622,TETE BOUGIE 8N/TZ HJ,HJ,800,850,1000,3
3630,TIGE CULBUTEUR 8N HJ,HJ,1100,1200,1500,8
3642,TIGE DE FREIN 110-2N HJ,HJ,1200,1300,1700,9
3649,TIGE DE FREIN 125-16 SY,SY,1000,1100,1500,4
3644,TIGE DE FREIN 150-9 HJ,HJ,1000,1100,1500,5
3645,TIGE DE FREIN 8N HJ,HJ,1200,1300,1700,12
3646,TIGE DE FREIN TZ HJ,HJ,1100,1200,1500,7
17008,TRANSMISSION 125 SY,SY,1100,1300,2000,15
3657,TRANSMISSION 8N/TZ HJ,HJ,2500,2700,3000,14
3665,TUYAU DE GAZ 110-2N HJ,HJ,800,1100,1500,5
3666,TUYAU DE GAZ 110-3/5 HJ,HJ,1200,1300,1500,10
3671,TUYAU DE GAZ 125-8 SY,SY,500,600,800,4
3667,TUYAU DE GAZ 8EX HJ,HJ,800,850,1000,5
3668,TUYAU DE GAZ 8N HJ,HJ,1000,1100,1200,11
3684,TUYAU NON GAZ 110-2N HJ,HJ,1000,1100,1500,4
3685,TUYAU NON GAZ 110-3/5 HJ,HJ,1000,1100,1500,5
3689,TUYAU NON GAZ 125-10 SY,SY,600,650,1000,11
3687,TUYAU NON GAZ 8EX HJ,HJ,800,900,1000,5
3688,TUYAU NON GAZ 8N HJ,HJ,500,700,1000,6
3697,VALVE TUBELESS ORG,ORG,300,350,500,11
17025,VILEBREQUIN 115UH HJ,HJ,16100,16700,17500,1
3724,VILEBREQUIN KA HJ,HJ,20000,21000,22000,3
3745,VITRE CASQUE 8N PM ORG,ORG,350,500,1000,34
20210,VITRE CLIGNOTANT ARRIERE 110-2N (PAIRE) HJ,HJ,700,1000,1400,26
3747,VITRE CLIGNOTANT AVANT 110-2N HJ,HJ,800,850,1000,29
19114,VITRE CLIGNOTANT AVANT 110-5 (PAIRE) ORG,ORG,1000,1200,1500,9
3749,VITRE FEU STOP 110-2N HJ,HJ,2500,2600,3000,5
20406,VITRE FEU STOP 110-2N ORG,ORG,700,1000,2500,1
3750,VITRE FEU STOP 110-3/5 HJ,HJ,4100,4200,4500,5
3754,VITRE FEU STOP 115UH HJ,HJ,2200,2500,3500,4
3755,VITRE FEU STOP 125-10 SY,SY,800,1100,1500,1
3757,VITRE FEU STOP 125-8 SY,SY,800,1100,1500,7
3752,VITRE FEU STOP 8N HJ,HJ,1600,1700,2000,5
20178,VITRE FEU STOP TF125 HJ,HJ,2500,3000,4000,5
3753,VITRE FEU STOP TZ HJ,HJ,2500,2600,3000,3
3774,VITRE PHARE 110-2N ORG,ORG,1500,1700,2500,5
17040,VITRE PHARE 110-3 HJ,HJ,2300,2500,3500,4
20408,VITRE PHARE 110-5 ORG,ORG,1900,3000,3000,8
20209,VITRE PHARE 115UH ORG,ORG,1500,2000,3000,3
3769,VITRE PHARE 125-10 SY,SY,1500,1800,2000,4
3771,VITRE PHARE 125-8 SY,SY,1500,1600,2000,5
3765,VITRE PHARE 8N HJ,HJ,2500,2600,3000,5
17039,VITRE PHARE 8N SIMPLE ORG,ORG,500,550,1000,10
3768,VITRE PHARE TF125 HJ,HJ,2600,3000,5000,1
17050,VITRE TABLEAU 110-2N HJ,HJ,1500,2000,2500,5
3779,VITRE TABLEAU 110-3/5 HJ,HJ,1600,1700,2500,2
3789,VOLANT 110-2N HJ,HJ,7500,8000,9000,1
3790,VOLANT 110-3/5 HJ,HJ,12000,12500,13500,4
3787,VOLANT 8N HJ,HJ,9600,10000,12000,4
3788,VOLANT KA HJ,HJ,15000,18500,20000,2